question_id,question,ground_truth,model_choice,model_correct
1,In situ photoluminescence (PL) analysis during annealing reveals that the HDA-GS modified perovskite film experiences a significantly delayed and prolonged crystallization process compared to control films. What specific mechanism is responsible for this macroscopic outcome?,B,C,0
2,What is the primary novel chemical mechanism by which the N-Acetylsulfanilyl Chloride (ABSC) molecule regulates the precursor solution and film formation in stabilizing air-processed perovskite solar cells?,B,B,1
3,"FREA molecules (e.g., IDIC-Ph, IDIC-Th, IDIC) are systematically tuned by reducing the size of their side chains. Within a mechanistic framework where side-chain size directly influences molecular structure and packing, what is the primary structural consequence of reducing the side chain size?",C,D,0
4,Ca-Abz (one carboxylic acid group) is specifically compared against Dca-Abz (two carboxylic acid groups). Why does the single anchoring group of Ca-Abz result in superior light-cycling stability?,D,A,0
5,"Devices retain >95% efficiency after 2,000 hours of UV-containing light cycling. How is this specific macroscopic outcome mapped to the functional mechanism of Ca-Abz?",B,B,1
6,"Why does the carbon chain length of 4-PBA (C4) demonstrate superior defect passivation effectiveness compared to its shorter (2-PAA, C2) and longer (6-PHA, C6) phosphonoalkanoic acid analogs?",C,C,1
7,"The ABSC molecule features multiple functional groups (carbonyl, sulfonyl) that coordinate with undercoordinated Pb2+, yet its incorporation uniquely preserves the structural integrity of FA+ cations in the precursor solution. By what exact mechanism is this achieved?",B,B,1
8,How does the incorporation of the ionic liquid BM physically and structurally modify the 4PADCB self-assembled monolayer (SAM) to improve the buried interface of the perovskite solar cell?,B,A,0
9,Which of the following best describes the specific defect passivation and chemical interaction mechanism of the 1-butyl-3-methylimidazole-hexafluorophosphate (BM) additive within the perovskite lattice under the given conditions?,B,A,0
10,What is the primary structural and mechanical function of an in situ cross-linked polydisulfide network derived from sodium thioctate (TANA) located at perovskite grain boundaries?,B,A,0
11,"During the interaction between the sodium thioctate (TANA) precursor and the perovskite lattice, what is the critical secondary consequence of the carboxylate anion coordinating with Pb2+?",C,A,0
12,The incorporation of TANA significantly suppresses thermally activated iodide ion migration and delays the unfavorable α-to-δ phase transition. What is the precise dynamic/thermodynamic mechanism driving this stabilization?,C,C,1
13,"During the in-situ photoluminescence (PL) tracking of the HDA-GS modified perovskite film's annealing process, the normalized PL intensity displays a distinct three-stage temporal evolution. Notably, the second stage features an anomalous, temporary decrease in PL intensity before rising again in the final stage. What is the primary cause of this temporary drop in PL intensity?",D,A,0
14,"Which of the following best describes the primary, unconventional mechanism by which the N-Acetylsulfanilyl Chloride (ABSC) additive stabilizes a perovskite precursor solution?",C,C,1
15,"FREAs with varying numbers of fused rings in their cores (9-ring INIC, 7-ring ITIC, and 5-ring IDIC-Ph) are compared. The TRPL decay lifetime dramatically decreases from 73.89 ns for INIC to 32.53 ns for IDIC-Ph when in contact with the C60 ETL. What is the molecular mechanism responsible for this improved electron extraction?",C,B,0
16,"When evaluating perovskite films cast from aged precursor solutions, X-ray diffraction (XRD) analysis reveals that the diffraction peak of the high-index perovskite plane in the control sample shifts to smaller angles. What is the exact origin of this structural shift?",B,A,0
17,"During in-situ photoluminescence (PL) measurements tracking the film annealing process, the PL intensity of both the control and MMSC-modified films exhibits a rapid decrease within the first 2 seconds. What is the primary cause of this initial PL drop?",C,C,1
18,"When comparing different chain lengths, 3-PPA (n=3) results in 'white particulate aggregates' at the grain boundaries and fails to provide effective passivation, whereas 4-PBA (n=4) performs optimally. What is the fundamental reason for this difference in film quality?",B,A,0
19,"When examining the morphological evolution of perovskite films under continuous light exposure, the average grain size of control films significantly increases from 1.07 to 1.20 microns over time (photoinduced grain expansion). What drives this specific phenomenon in the control film?",B,A,0
20,"When Polystyrene (PS) is used as an interfacial buffer layer between SnO2 and the perovskite film, significant improvements in film morphology and overall stability are observed. What is the primary mechanism driving this improvement?",B,B,1
21,The application of a polyelectrolyte (PFN-Br) combined with iodohydrinimidazole (IAI) at the perovskite surface is shown to relieve interfacial strain and improve stability. IAI passivates defects via chemical coordination. How does the PFN-Br specifically contribute to the relief of interfacial strain?,B,B,1
22,"In a cyanate additive engineering strategy for perovskite solar cells, the common A-site cation methylammonium (MA+) is intentionally replaced with potassium (K+), using KOCN instead of MAOCN. What is the primary underlying reason for avoiding MA+ in this specific additive engineering strategy?",B,A,0
23,"Target perovskite films treated with the highly polar SHMS molecule exhibit an increased water contact angle (49.6° vs 39° for the control). Even though SHMS contains hydrophilic sodium, hydroxyl, and sulfonate groups, what is the primary mechanism responsible for this increased hydrophobicity?",D,C,0
24,"In-situ photoluminescence (PL) measurements were used to track the crystallization process during the annealing of the perovskite films. Both the control and MMSC-modified samples exhibit a high initial PL intensity, which is immediately followed by a rapid decrease in intensity within the first 2 seconds. What is the primary cause of this rapid initial PL decrease?",B,D,0
25,"Ultraviolet photoelectron spectroscopy (UPS) was performed to evaluate the surface electronic properties of perovskite films, revealing that the MMSC-modified perovskite film exhibits a reduced work function (WF) and a more n-type surface compared to the control film. What is the physical reason for this shift?",B,C,0
26,How does the incorporation of the photoswitchable Ca-Abz additive fundamentally suppress the degradation of a triple-cation perovskite absorber under UV-containing light cycling?,B,B,1
27,"During defect passivation of perovskite crystals using n-phosphonoalkanoic acids, molecules with an ultra-short carbon chain, such as 2-phosphonoacetic acid (2-PAA), demonstrate significantly lower passivation efficacy compared to longer-chain variants. What fundamentally limits the coordination effectiveness of 2-PAA with undercoordinated lead defects?",B,A,0
28,"During the thermal annealing process of formamidinium lead triiodide (FAPbI3) films, the in-situ photoluminescence (PL) intensity is observed to undergo a distinct three-stage temporal evolution: the PL intensity initially increases, subsequently undergoes a temporary but significant decrease, and finally increases again to a stable maximum. What is the primary physical mechanism responsible for the temporary decrease in PL intensity during the intermediate stage?",C,C,1
29,"During the fabrication of p-i-n inverted perovskite solar cells, the perovskite surface is treated with pyrrolidinium hydroiodide (PyI), which significantly increases the work function, eliminates trap states near the conduction band minimum, and suppresses parasitic n-type self-doping at the interface. What is the underlying mechanism by which pyrrolidinium hydroiodide (PyI) achieves this interfacial de-doping and work function shift?",C,B,0
30,"When potassium cyanate (KOCN) is introduced into a wide-bandgap metal halide perovskite precursor, the resulting film exhibits highly preferred (110) crystallographic orientation and suppressed phase segregation. How does the potassium cation (K+) specifically dictate this structural evolution?",B,B,1
31,"During the thermal annealing of a metal-halide perovskite film formed from a precursor solution in DMF/DMSO, in situ photoluminescence (PL) tracking reveals a distinct multi-stage intensity evolution. Following an initial sharp increase in PL, a pronounced quenching phase is observed, before a final gradual recovery of the PL signal. What is the primary mechanism responsible for the PL quenching phase during this heating process?",B,B,1
32,"When sodium thioctate (TANA)—a molecule containing a five-membered dithiolane ring and a carboxylate group—is mixed with PbI₂ to modify a perovskite film, Fourier-transform infrared (FTIR) spectroscopy reveals a pronounced redshift in the dithiolane-derived C–S stretching vibrations (e.g., shifting downward by approximately 4.5 to 7.9 cm⁻¹). What is the specific molecular mechanism causing this shift in the C–S vibrational frequency?",B,B,1
